model,accuracy,precision,recall,f1,roc_auc
GradientBoosting,0.8780437896459996,0.7908415841584159,0.599437148217636,0.6819637139807898,0.8901723368390249
RandomForest,0.8770206670759157,0.8260869565217391,0.5525328330206379,0.6621697582911749,0.8837710823910324
LogisticRegression,0.8250460405156538,0.6581709145427287,0.41181988742964354,0.5066358915175996,0.8225558567666688
