{
  "accuracy": 0.8780437896459996,
  "precision": 0.7908415841584159,
  "recall": 0.599437148217636,
  "f1": 0.6819637139807898,
  "roc_auc": 0.8901723368390249
}