{
  "accuracy": 0.8770206670759157,
  "precision": 0.8260869565217391,
  "recall": 0.5525328330206379,
  "f1": 0.6621697582911749,
  "roc_auc": 0.8837710823910324
}