{
  "cv_scores": [
    0.7029192902117917,
    0.6705336426914154,
    0.6994848311390955,
    0.6974647887323944,
    0.6820744081172492
  ],
  "cv_mean": 0.6904953921783893,
  "cv_std": 0.01227289826111421,
  "cv_folds": 5,
  "cv_scoring": "f1"
}