{
  "models": {
    "baseline": {
      "accuracy": 0.7818702680581133,
      "precision": 0.0,
      "recall": 0.0,
      "f1": 0.0,
      "roc_auc": 0.5
    },
    "automl": {
      "accuracy": 0.8780437896459996,
      "precision": 0.7908415841584159,
      "recall": 0.599437148217636,
      "f1": 0.6819637139807898,
      "roc_auc": 0.8901723368390249
    },
    "custom": {
      "accuracy": 0.8770206670759157,
      "precision": 0.8260869565217391,
      "recall": 0.5525328330206379,
      "f1": 0.6621697582911749,
      "roc_auc": 0.8837710823910324
    }
  },
  "f1_scores": {
    "baseline": 0.0,
    "automl": 0.6819637139807898,
    "custom": 0.6621697582911749
  },
  "best_model_by_f1": "automl"
}