{
  "num_cols": [
    "person_age",
    "person_income",
    "person_emp_length",
    "loan_amnt",
    "loan_int_rate",
    "loan_percent_income",
    "cb_person_cred_hist_length"
  ],
  "mean": {
    "person_age": 1.116800861731915e-16,
    "person_income": -5.584004308659575e-17,
    "person_emp_length": 5.584004308659575e-17,
    "loan_amnt": 2.0940016157473406e-17,
    "loan_int_rate": -2.0896391123812003e-16,
    "loan_percent_income": 1.64030126566875e-16,
    "cb_person_cred_hist_length": 1.116800861731915e-16
  },
  "std": {
    "person_age": 0.9999999999999999,
    "person_income": 0.9999999999999999,
    "person_emp_length": 0.9999999999999999,
    "loan_amnt": 1.0,
    "loan_int_rate": 0.9999999999999999,
    "loan_percent_income": 0.9999999999999999,
    "cb_person_cred_hist_length": 1.0
  },
  "bad_mean_cols": [],
  "bad_std_cols": [],
  "tol_mean": 1e-06,
  "tol_std": 0.001,
  "excluded": [
    "loan_status",
    "_row_id"
  ]
}